TE0413,NP02_DCS_01:un-NP02_PLC_MUX_01-NP02_MUX_PLC-CPC_AnalogInput-50085.ProcessInput.PosSt
TE0414,NP02_DCS_01:un-NP02_PLC_MUX_01-NP02_MUX_PLC-CPC_AnalogInput-50086.ProcessInput.PosSt
TE0415,NP02_DCS_01:un-NP02_PLC_MUX_01-NP02_MUX_PLC-CPC_AnalogInput-50087.ProcessInput.PosSt
TE0416,NP02_DCS_01:un-NP02_PLC_MUX_01-NP02_MUX_PLC-CPC_AnalogInput-50088.ProcessInput.PosSt
TE0417,NP02_DCS_01:un-NP02_PLC_MUX_01-NP02_MUX_PLC-CPC_AnalogInput-50089.ProcessInput.PosSt
TE0418,NP02_DCS_01:un-NP02_PLC_MUX_01-NP02_MUX_PLC-CPC_AnalogInput-50090.ProcessInput.PosSt
TE0419,NP02_DCS_01:un-NP02_PLC_MUX_01-NP02_MUX_PLC-CPC_AnalogInput-50091.ProcessInput.PosSt
TE0420,NP02_DCS_01:un-NP02_PLC_MUX_01-NP02_MUX_PLC-CPC_AnalogInput-50092.ProcessInput.PosSt
TE0421,NP02_DCS_01:un-NP02_PLC_MUX_01-NP02_MUX_PLC-CPC_AnalogInput-50093.ProcessInput.PosSt
TE0422,NP02_DCS_01:un-NP02_PLC_MUX_01-NP02_MUX_PLC-CPC_AnalogInput-50094.ProcessInput.PosSt
TE0423,NP02_DCS_01:un-NP02_PLC_MUX_01-NP02_MUX_PLC-CPC_AnalogInput-50095.ProcessInput.PosSt
TE0424,NP02_DCS_01:un-NP02_PLC_MUX_01-NP02_MUX_PLC-CPC_AnalogInput-50096.ProcessInput.PosSt